,y,prediction,leaf
0,1,1,50
1,1,1,50
2,1,1,50
3,1,1,53
4,1,1,50
5,1,1,63
6,1,1,47
7,1,1,63
8,1,1,63
9,1,1,57
10,1,1,50
11,1,1,55
12,1,1,63
13,1,1,61
14,1,1,61
15,1,1,32
16,1,1,50
17,1,1,50
18,1,1,50
19,1,1,50
20,1,1,50
22,1,1,50
23,1,1,55
24,1,1,41
25,1,1,63
27,1,2,42
28,1,1,50
29,1,1,63
31,1,1,60
32,1,1,63
33,1,1,43
34,1,1,63
35,2,1,63
36,1,1,41
37,1,1,63
38,1,1,50
39,1,1,50
40,1,1,50
41,1,1,50
42,1,1,50
43,1,1,50
44,1,1,46
45,1,1,57
46,1,1,60
47,1,1,63
48,1,1,39
49,1,1,63
50,1,1,63
52,1,1,53
53,1,1,54
55,1,1,50
56,1,1,55
57,1,1,43
59,1,1,43
60,1,1,63
61,1,1,55
62,1,1,55
63,1,1,53
64,1,1,50
65,1,1,61
66,1,1,47
67,1,1,59
68,1,1,63
69,1,1,50
70,1,1,58
71,1,1,63
72,1,1,61
73,1,1,59
74,1,1,43
75,1,1,63
76,1,1,58
77,1,1,55
78,1,1,43
80,1,1,57
81,1,1,61
82,1,1,63
83,1,1,63
84,1,1,63
85,1,1,58
86,1,1,58
87,1,1,61
88,1,1,58
89,1,1,61
90,1,1,58
91,1,1,63
92,1,1,63
94,1,1,50
95,1,1,50
96,1,1,57
97,1,1,63
98,1,1,55
99,1,1,63
100,1,1,53
101,1,2,42
102,1,1,51
103,1,1,50
104,1,1,50
105,1,1,50
106,1,1,50
107,1,1,63
108,1,1,59
109,1,1,63
110,1,1,57
111,1,1,63
112,1,1,63
113,1,1,57
114,1,1,63
116,1,1,63
117,1,1,59
118,1,1,59
119,1,1,58
120,1,1,58
121,1,1,63
122,1,1,58
123,1,1,63
124,1,1,59
125,1,1,57
126,1,1,63
127,1,1,58
128,1,1,57
129,1,1,57
130,1,1,63
131,1,1,59
132,1,1,57
133,1,1,63
134,1,1,59
135,1,1,58
136,1,1,63
137,1,1,59
138,1,1,57
139,1,1,45
140,1,1,41
141,1,1,59
142,1,1,63
143,1,1,58
144,1,1,63
145,1,1,58
146,1,1,63
147,1,1,45
148,1,1,63
149,1,1,58
150,1,1,58
151,1,1,63
152,1,1,57
153,1,1,57
155,1,1,57
156,1,1,63
157,1,1,50
158,1,1,57
159,2,1,33
160,2,2,49
161,1,1,43
162,1,2,42
163,1,1,62
164,1,1,41
166,1,1,33
167,1,1,63
168,1,1,32
169,1,1,58
170,1,1,58
171,1,1,39
172,1,1,63
174,1,1,57
175,2,1,41
176,1,1,43
177,1,1,59
178,1,1,63
179,1,1,33
181,1,1,41
182,1,1,59
183,1,1,58
184,1,1,63
185,1,1,50
186,1,1,63
187,1,1,59
189,1,1,59
190,1,1,36
191,1,1,59
192,1,1,33
193,1,1,41
194,1,1,57
195,1,1,58
196,1,1,41
197,1,1,43
199,1,1,41
200,1,1,59
202,2,1,58
203,1,1,39
204,1,1,39
205,1,1,58
206,1,1,59
207,1,1,63
209,1,2,42
210,1,1,57
211,1,1,58
212,1,1,59
213,1,1,57
214,1,2,42
216,1,1,41
217,1,1,41
219,1,1,59
220,1,1,59
221,1,1,58
222,1,1,59
223,1,1,37
224,1,1,57
225,1,1,61
226,1,1,63
227,1,1,63
228,1,1,63
230,1,1,41
232,1,1,46
233,1,1,57
234,1,1,41
235,1,1,63
237,1,1,63
238,2,1,56
239,1,1,33
240,1,1,32
241,1,1,59
242,1,1,59
243,1,1,43
244,1,1,58
245,1,1,33
246,1,1,56
247,1,1,39
248,1,1,57
249,1,1,63
250,2,1,33
251,1,1,59
252,1,1,57
253,2,1,36
254,1,1,36
255,1,1,33
256,2,1,33
257,1,1,39
258,2,1,56
259,1,1,41
260,1,1,59
261,1,1,43
262,2,2,42
263,1,1,43
264,1,1,56
265,1,1,41
266,2,1,59
267,1,1,41
268,1,1,58
269,1,1,43
270,1,1,59
271,1,1,41
272,1,1,43
273,2,2,42
274,2,1,41
275,1,1,32
276,1,1,59
277,2,1,36
278,1,1,39
279,2,1,32
280,1,1,39
281,2,1,33
282,1,1,32
284,2,1,41
285,2,2,42
286,1,2,42
287,1,1,41
288,1,1,62
290,1,1,63
291,1,1,63
292,1,1,63
293,1,1,63
294,1,1,63
295,2,2,42
296,2,1,43
297,1,1,43
298,1,1,41
299,2,1,43
300,1,1,58
301,2,1,58
302,1,1,43
303,2,1,41
304,2,1,41
305,2,2,42
306,1,1,58
307,1,1,59
308,2,1,43
310,1,1,62
312,1,1,63
313,1,1,58
316,1,1,59
317,1,1,59
318,2,2,42
319,1,1,58
320,1,1,59
321,1,1,58
322,2,2,42
323,2,1,43
324,1,1,43
325,1,1,33
326,1,1,39
327,2,1,39
328,1,1,33
329,2,1,59
330,1,2,42
331,1,1,62
332,1,1,62
333,1,1,63
334,2,1,58
335,1,1,43
336,2,1,58
337,1,1,43
338,1,2,42
340,2,2,42
341,2,1,43
342,1,2,42
343,2,1,43
344,1,1,43
345,1,1,43
346,1,1,41
348,2,1,63
349,1,1,43
350,2,1,37
351,2,1,33
352,1,1,39
353,2,2,42
354,1,1,59
355,1,1,59
357,1,2,42
358,1,1,59
360,1,1,63
361,1,1,39
362,1,1,36
363,2,1,58
364,1,1,56
365,1,1,50
366,1,1,50
368,1,1,50
369,1,1,50
370,1,1,50
371,1,1,50
372,1,1,50
373,1,1,50
374,1,1,50
375,1,1,50
376,2,1,46
377,1,1,43
378,2,1,43
379,1,1,41
380,2,1,41
381,1,1,41
382,1,1,46
383,2,1,43
384,1,1,43
385,2,1,41
386,1,1,41
387,1,1,41
388,1,1,45
390,1,1,36
391,2,1,33
392,1,1,39
393,1,1,38
394,1,1,62
395,1,1,50
396,1,1,50
397,2,1,41
399,1,1,36
400,2,1,47
401,1,1,47
402,1,1,45
403,2,1,45
404,2,1,36
405,1,1,39
406,2,1,36
407,1,1,47
408,1,1,62
409,1,1,45
411,1,1,45
412,1,1,45
413,2,1,45
414,1,1,47
415,1,1,45
416,1,1,45
417,1,1,50
418,2,1,36
419,1,1,36
420,2,1,39
421,2,2,34
423,1,1,47
424,2,1,35
425,1,1,39
426,1,1,39
427,2,1,38
429,1,1,36
430,2,2,34
431,1,1,39
432,1,1,52
433,2,1,36
434,1,1,41
436,1,1,46
437,2,1,50
438,2,2,49
439,1,1,46
440,1,1,62
441,1,1,62
443,1,1,32
444,2,2,34
445,2,1,36
446,1,1,39
447,2,1,36
448,1,1,36
449,1,1,36
450,1,1,32
451,1,1,45
452,2,1,45
453,1,1,45
454,1,1,45
455,1,1,47
456,1,1,63
457,1,1,50
458,1,1,50
459,1,1,50
460,1,1,45
461,1,1,47
463,1,1,45
464,2,1,45
465,1,1,45
466,1,1,45
467,1,1,32
468,1,1,37
469,1,1,55
470,1,1,55
471,2,1,52
472,2,1,38
473,1,1,36
475,1,1,46
476,1,1,45
477,1,1,63
478,1,1,55
479,1,1,47
480,1,1,47
481,1,1,46
482,1,1,63
483,1,1,47
484,1,1,45
485,1,1,45
486,1,1,45
487,1,1,45
488,1,1,45
489,1,1,45
490,1,1,45
491,1,1,47
492,1,1,47
493,2,1,46
494,1,1,43
495,1,1,46
496,1,1,54
497,1,1,50
498,1,1,50
499,1,1,50
500,1,1,38
502,2,1,52
503,1,1,45
504,2,2,34
505,1,1,63
506,1,1,39
507,1,1,55
508,1,1,36
509,1,1,38
510,1,1,37
511,1,1,37
512,1,1,47
513,1,1,50
514,1,1,47
515,1,1,45
516,1,1,63
517,2,1,45
518,1,1,47
519,1,1,45
520,1,1,60
521,1,1,50
522,1,1,50
524,1,1,60
525,1,1,47
527,1,1,47
528,1,1,60
529,1,1,60
530,1,1,60
531,1,1,36
533,1,1,36
534,2,1,62
535,1,1,38
536,1,1,62
537,1,1,60
538,1,1,46
539,1,1,50
540,1,1,50
541,1,1,50
542,1,1,50
543,1,1,47
544,1,1,46
545,1,1,41
546,1,1,63
547,1,1,45
548,1,1,45
549,1,1,46
550,1,1,55
551,1,1,63
552,1,1,39
553,2,2,34
555,1,1,39
556,2,1,36
557,1,1,39
558,1,1,37
559,1,1,38
560,1,1,33
561,1,1,63
562,1,1,50
563,1,1,50
564,1,1,50
565,2,1,46
567,1,1,45
568,1,1,46
569,2,1,47
570,1,1,45
571,1,1,46
572,1,1,47
573,1,1,61
574,1,1,45
575,1,1,47
576,1,1,63
577,1,1,63
578,1,1,47
579,1,1,51
580,1,1,51
581,1,1,46
582,1,1,63
583,1,1,55
586,1,1,50
587,1,1,50
588,1,1,60
589,2,1,46
590,1,1,47
591,1,1,45
592,1,1,46
593,2,1,60
594,1,1,45
595,1,1,45
596,2,1,62
600,1,1,45
601,1,1,52
602,1,1,63
603,1,1,47
604,1,1,54
605,1,1,55
606,1,1,55
607,2,1,54
608,1,1,45
609,1,1,62
610,1,1,38
611,1,1,36
612,2,2,34
613,2,2,44
614,1,1,47
615,1,1,62
616,1,1,45
617,2,1,46
618,1,1,46
619,1,1,46
620,1,1,47
621,1,1,45
622,1,1,45
623,1,1,47
624,1,1,45
625,1,1,37
626,1,1,50
627,1,1,50
628,2,1,38
629,1,1,39
630,1,1,60
631,1,1,47
632,2,1,41
633,1,1,41
634,1,1,47
638,1,1,41
639,2,2,40
640,1,1,39
641,1,1,37
642,1,1,62
643,1,1,63
644,1,1,36
645,1,1,32
646,1,1,38
647,1,1,55
648,1,1,52
649,2,1,57
651,1,1,43
652,2,2,40
653,1,1,41
654,2,1,62
655,1,1,61
656,1,1,63
657,1,1,63
658,1,1,38
659,1,1,33
660,1,1,47
663,1,1,39
664,1,1,59
665,1,1,59
666,1,1,63
667,1,1,50
668,1,1,51
669,1,1,53
670,1,1,43
671,1,1,57
672,1,1,57
673,1,1,41
675,1,1,58
676,1,1,63
677,1,1,50
678,1,1,51
680,1,1,43
681,1,1,56
682,1,1,36
683,1,1,39
684,1,1,58
685,1,1,36
686,1,1,36
687,1,1,37
689,1,1,33
690,1,1,55
691,2,2,42
692,2,2,42
693,1,1,43
694,2,1,56
695,2,1,36
696,2,1,38
697,1,1,36
698,1,1,39
700,2,2,42
702,1,1,43
703,1,2,42
704,1,1,39
705,1,1,39
706,1,1,57
707,1,1,57
708,1,1,60
709,2,1,50
710,1,1,53
711,1,1,50
712,2,1,57
714,1,1,57
715,2,1,41
716,1,1,43
717,2,1,58
718,1,1,41
719,2,1,59
720,1,1,41
721,2,1,58
722,1,1,58
723,1,1,41
724,1,1,43
725,1,1,60
726,1,1,55
727,1,1,55
729,1,1,50
730,1,1,50
731,1,1,50
732,2,1,46
733,1,1,41
734,1,1,41
735,1,1,59
736,1,1,41
737,1,1,43
738,1,1,59
739,1,1,45
740,1,1,45
741,1,1,63
742,1,1,45
743,1,1,45
744,1,1,46
745,1,1,46
746,1,1,45
747,1,1,50
748,1,1,46
749,1,1,45
750,1,1,47
751,1,1,50
752,1,1,51
753,1,1,50
754,1,1,47
756,1,1,55
757,1,1,45
758,1,1,39
759,1,1,35
760,1,1,55
761,1,1,39
762,1,1,37
763,1,1,35
764,1,1,55
765,1,1,38
766,1,1,36
767,1,1,39
768,1,1,63
770,1,1,63
771,1,1,60
773,1,1,50
774,1,1,50
775,1,1,50
776,1,1,37
777,1,1,35
778,1,1,38
779,1,1,50
780,1,1,47
781,1,1,60
782,1,1,37
784,1,1,36
785,1,1,35
786,1,1,35
787,1,1,46
788,1,1,63
789,1,1,60
790,1,1,45
791,1,1,45
792,1,1,47
793,1,1,55
794,1,1,54
796,1,1,50
797,1,1,47
798,1,1,46
799,1,1,45
800,1,1,47
801,2,1,46
802,1,1,36
803,1,1,37
804,1,1,37
805,1,1,39
806,1,1,50
807,1,1,50
808,1,1,50
810,1,1,50
813,1,1,50
814,1,1,50
815,1,1,50
816,1,1,50
817,1,1,46
818,1,1,50
820,1,1,50
821,1,1,45
822,1,1,61
823,1,1,37
824,1,1,63
825,1,1,33
826,1,1,39
827,1,1,61
828,1,1,51
829,1,1,37
830,1,1,37
832,1,1,39
833,1,1,50
834,1,1,50
835,1,1,50
836,1,1,50
838,1,1,47
839,1,1,46
840,1,1,50
841,1,1,53
843,1,1,63
844,1,1,53
845,1,1,37
846,1,1,61
848,1,1,36
850,1,1,54
851,1,1,36
852,1,1,61
853,1,1,33
855,1,1,55
856,1,1,54
857,1,1,50
858,1,1,55
859,1,1,50
860,1,1,37
861,1,1,47
862,1,1,53
863,1,1,63
864,1,1,45
865,1,1,50
867,1,1,50
869,1,1,51
871,1,1,55
872,1,1,63
873,1,1,63
874,1,1,46
875,1,1,55
876,1,1,55
877,1,1,47
879,1,1,55
880,1,1,45
881,1,1,45
882,1,1,61
883,1,1,55
886,1,1,50
887,1,1,61
888,1,1,50
890,1,1,55
891,1,1,54
892,1,1,55
893,1,1,53
894,1,1,50
895,1,1,55
896,1,1,55
897,1,1,54
898,1,1,37
899,1,1,50
900,1,1,50
901,1,1,54
902,1,1,55
903,1,1,54
904,1,1,37
905,1,1,55
906,1,1,55
907,1,1,55
909,1,1,53
910,1,1,55
911,1,1,50
912,1,1,50
913,1,1,55
914,1,1,54
916,1,1,50
917,1,1,54
918,1,1,51
920,1,1,50
921,1,1,55
922,1,1,47
924,1,1,55
925,1,1,54
926,1,1,55
927,1,1,55
928,1,1,53
929,1,1,54
930,1,1,54
931,1,1,51
932,1,1,54
933,1,1,54
934,1,1,50
935,1,1,55
936,1,1,63
937,1,1,50
938,1,1,50
939,1,1,50
941,1,1,50
943,1,1,50
944,1,1,50
945,1,1,50
946,1,1,50
948,1,1,55
949,1,1,51
950,1,1,55
951,1,1,55
952,1,1,55
954,1,1,55
955,1,1,55
956,1,1,54
957,1,1,54
958,1,1,55
959,1,1,54
960,1,1,55
962,1,1,51
963,1,1,50
964,1,1,55
965,1,1,55
966,1,1,54
967,1,1,54
968,1,1,54
969,1,1,55
970,1,1,55
971,1,1,54
972,1,1,55
973,1,1,54
974,1,1,54
975,1,1,55
976,1,1,55
977,1,1,51
978,1,1,50
979,1,1,50
980,1,1,50
981,1,1,55
982,1,1,55
983,1,1,50
984,1,1,50
985,1,1,51
986,1,1,55
987,1,1,55
988,1,1,55
989,1,1,51
990,1,1,50
991,1,1,50
992,1,1,54
993,1,1,50
994,1,1,50
995,1,1,50
996,1,1,51
997,1,1,55
999,1,1,51
1000,1,1,51
1001,1,1,50
1002,1,1,54
1003,1,1,55
1004,1,1,51
1005,1,1,51
1006,1,1,50
1007,1,1,50
1008,1,1,50
1009,1,1,51
1011,1,1,51
1012,1,1,50
1013,1,1,51
1014,1,1,51
1015,1,1,50
1016,1,1,54
1017,1,1,50
1019,1,1,51
1020,1,1,54
1021,1,1,55
1022,1,1,51
1023,1,1,51
1024,1,1,51
1025,1,1,51
1027,1,1,50
1028,1,1,51
1029,1,1,51
1030,1,1,51
1031,1,1,50
1032,1,1,55
1033,1,1,55
1034,1,1,51
1035,1,1,51
1036,1,1,51
1037,1,1,51
1038,1,1,55
1039,1,1,55
1040,1,1,51
1041,1,1,51
1042,1,1,51
1043,1,1,50
1044,1,1,51
1045,1,1,51
1046,1,1,50
1047,1,1,51
1048,1,1,54
1050,1,1,51
1051,1,1,51
1052,1,1,50
1053,1,1,51
1055,1,1,51
1056,1,1,51
1057,1,1,51
1059,1,1,51
1060,1,1,51
1061,1,1,55
1062,1,1,50
1063,1,1,51
1064,1,1,51
1065,1,1,51
1066,1,1,55
1067,1,1,51
1068,1,1,51
1069,1,1,51
1070,1,1,51
1071,1,1,54
1072,1,1,51
1073,1,1,51
1074,1,1,51
1075,1,1,51
1076,1,1,50
1078,1,1,51
1079,1,1,50
1080,1,1,50
1081,1,1,51
1082,1,1,51
1083,1,1,55
1084,1,1,51
1085,1,1,54
1086,1,1,55
1087,1,1,55
1088,1,1,54
1089,1,1,55
1090,1,1,55
1094,1,1,55
1096,1,1,55
1097,1,1,51
1098,1,1,51
1099,1,1,50
1100,1,1,50
1101,1,1,51
1102,1,1,50
1103,1,1,50
1104,1,1,50
1105,1,1,63
1106,1,1,63
1107,1,1,63
1108,1,1,63
1109,1,1,63
1112,1,1,59
1113,1,1,59
1114,1,1,60
1115,1,1,60
1116,1,1,60
1117,1,1,61
1118,1,1,60
1120,1,1,62
1121,1,1,62
1122,1,1,62
1123,1,1,62
1124,1,1,62
1125,1,1,62
1126,1,1,61
1127,1,1,63
1128,1,1,61
1130,1,1,63
1131,1,1,63
1133,1,1,63
1135,1,1,63
1136,1,1,63
1137,1,1,63
1138,1,1,63
1139,1,1,63
1140,1,1,61
1142,1,1,63
1143,1,1,63
1144,1,1,63
1146,1,1,63
1147,1,1,63
1148,1,1,63
1149,1,1,63
1150,1,1,63
1151,1,1,61
1152,1,1,63
1153,1,1,63
1154,1,1,60
1155,1,1,63
1156,1,1,63
1157,1,1,63
1158,1,1,60
1160,1,1,63
1161,1,1,63
1162,1,1,60
1164,1,1,63
1165,1,1,63
1166,1,1,61
1167,1,1,61
1168,1,1,61
1169,1,1,63
1170,1,1,63
1171,1,1,63
1172,1,1,61
1173,1,1,63
1176,1,1,55
1177,1,1,51
1178,1,1,63
1179,1,1,61
1180,1,1,55
1181,1,1,55
1182,1,1,55
1183,1,1,55
1184,1,1,63
1185,1,1,63
1186,1,1,55
1187,1,1,63
1188,1,1,63
1189,1,1,57
1191,1,1,60
1192,2,1,63
1193,1,1,39
1194,1,1,61
1195,1,1,63
1196,1,1,63
1197,1,1,63
1198,1,1,62
1199,1,1,61
1200,1,1,62
1201,1,1,62
1202,1,1,60
1203,1,1,60
1204,1,1,62
1205,1,1,62
1206,2,1,62
1208,1,1,59
1209,1,1,59
1210,1,1,62
1211,1,1,62
1212,1,1,62
1213,1,1,62
1214,1,1,62
1215,1,1,59
1216,1,1,59
1217,1,1,62
1218,1,1,62
1219,1,1,62
1220,1,1,59
1221,1,1,57
1222,1,1,62
1223,1,1,61
1224,1,1,62
1225,1,1,62
1226,1,1,62
1227,1,1,62
1228,1,1,62
1230,1,1,62
1231,1,1,62
1232,1,1,62
1233,1,1,47
1234,1,1,62
1235,1,1,62
1238,1,1,57
1240,1,1,63
1241,1,1,63
1243,1,1,63
1244,1,1,61
1245,1,1,63
1246,1,1,63
1247,1,1,63
1248,1,1,63
1249,1,1,63
1250,1,1,63
1251,1,1,63
1252,1,1,55
1253,1,1,55
1254,1,1,55
1255,1,1,51
1256,1,1,63
1257,1,1,51
1258,1,1,55
1259,1,1,50
1260,1,1,50
1261,1,1,51
1262,1,1,55
1263,1,1,51
1264,1,1,50
1265,1,1,51
1266,1,1,55
1267,1,1,63
1268,1,1,54
1269,1,1,51
1270,1,1,51
1271,1,1,55
1272,1,1,51
1273,1,1,63
1275,1,1,63
1276,1,1,51
1277,1,1,63
1278,1,1,50
1279,1,1,51
1280,1,1,50
1281,1,1,50
1282,1,1,51
1283,1,1,51
1284,1,1,63
1285,1,1,63
1286,1,1,63
1287,1,1,60
1288,1,1,61
1289,1,1,50
1290,1,1,63
1291,1,1,63
1292,1,1,55
1293,1,1,51
1294,1,1,63
1295,1,1,50
1296,1,1,63
1297,1,1,59
1299,1,1,61
1301,1,1,61
1302,1,1,63
1303,1,1,59
1304,1,1,61
1305,1,1,50
1306,1,1,63
1307,1,1,63
1308,1,1,61
1309,1,1,61
1310,1,1,63
1311,1,1,63
1312,1,1,63
1313,1,1,63
1314,1,1,61
1315,1,1,61
1316,1,1,61
1317,1,1,51
1318,1,1,63
1319,1,1,63
1320,1,1,63
1321,1,1,63
1322,1,1,61
1323,1,1,59
1325,1,1,63
1326,1,1,61
1329,1,1,63
1330,1,1,63
1331,1,1,63
1332,1,1,61
1333,1,1,63
1334,1,1,59
1335,1,1,63
1336,1,1,63
1337,1,1,61
1338,1,1,63
1339,1,1,63
1340,1,1,63
1341,1,1,59
1342,1,1,63
1343,1,1,61
1345,1,1,37
1346,1,1,63
1348,1,1,63
1349,1,1,63
1350,1,1,63
1351,1,1,39
1353,1,1,35
1354,1,1,63
1356,1,1,63
1357,1,1,63
1358,1,1,59
1360,1,1,63
1361,1,1,61
1362,1,1,63
1363,1,1,63
1364,1,1,63
1365,1,1,63
1366,1,1,63
1367,1,1,63
1368,1,1,55
1369,1,1,59
1370,1,1,59
1371,1,1,37
1372,2,1,59
1373,1,1,61
1374,1,1,62
1375,1,1,61
1376,1,1,61
1377,1,1,59
1378,1,1,59
1379,1,1,61
1380,1,1,61
1381,1,1,61
1382,1,1,62
1383,1,1,59
1384,1,1,61
1385,2,1,62
1386,1,1,62
1387,1,1,62
1388,1,1,61
1389,1,1,61
1390,1,1,62
1392,1,1,62
1393,1,1,61
1394,1,1,61
1395,1,1,62
1396,1,1,62
1397,1,1,59
1399,1,1,63
1400,1,1,63
1401,1,1,63
1402,1,1,63
1404,1,1,61
1406,1,1,63
1407,1,1,63
1408,1,1,63
1409,1,1,63
1410,1,1,63
1411,1,1,63
1413,1,1,63
1415,1,1,61
1416,1,1,61
1417,1,1,63
1419,1,1,61
1420,1,1,63
1421,1,1,51
1422,1,1,61
1423,1,1,63
1424,1,1,55
1425,1,1,51
1426,1,1,63
1427,1,1,61
1428,1,1,50
1429,1,1,50
1431,1,1,55
1432,1,1,51
1433,1,1,51
1434,1,1,51
1435,1,1,50
1436,1,1,47
1437,1,1,50
1438,1,1,51
1439,1,1,50
1440,1,1,50
1441,1,1,50
1442,1,1,50
1443,1,1,63
1444,1,1,55
1445,1,1,55
1446,1,1,55
1447,1,1,61
1448,1,1,54
1449,1,1,63
1450,1,1,61
1451,1,1,61
1452,1,1,61
1453,1,1,63
1455,1,1,63
1456,1,1,63
1457,1,1,63
1458,1,1,61
1459,1,1,63
1460,1,1,63
1461,1,1,63
1462,1,1,63
1463,1,1,63
1464,1,1,50
1465,1,1,63
1467,1,1,63
1468,1,1,63
1469,1,1,61
1470,1,1,63
1471,1,1,61
1472,1,1,57
1473,1,1,63
1474,1,1,63
1475,1,1,59
1477,1,1,61
1478,1,1,61
1479,1,1,63
1480,1,1,63
1481,1,1,61
1482,1,1,63
1483,1,1,54
1485,1,1,63
1486,2,1,61
1487,1,1,61
1488,1,1,63
1489,1,1,63
1490,1,1,63
1491,1,1,63
1492,1,1,63
1493,1,1,63
1494,2,1,62
1495,1,1,62
1496,1,1,62
1497,1,1,59
1498,1,1,59
1500,1,1,59
1501,1,1,59
1502,1,1,62
1503,1,1,59
1504,1,1,59
1505,1,1,59
1506,1,1,59
1507,1,1,62
1508,1,1,61
1509,1,1,62
1510,1,1,62
1511,1,1,45
1512,1,1,62
1513,1,1,62
1514,1,1,61
1515,1,1,59
1516,1,1,59
1517,1,1,59
1518,1,1,62
1519,1,1,62
1520,1,1,62
1522,1,1,59
1523,1,1,62
1524,1,1,62
1525,1,1,62
1526,1,1,59
1527,1,1,59
1529,1,1,39
1530,1,1,59
1531,1,1,59
1532,1,1,59
1533,1,1,59
1534,1,1,37
1535,1,1,59
1536,1,1,59
1537,1,1,61
1538,1,1,59
1539,1,1,59
1540,1,1,59
1541,1,1,59
1542,1,1,59
1543,1,1,59
1544,1,1,37
1545,1,1,37
1546,1,1,59
1547,1,1,59
1548,2,1,59
1549,1,1,39
1550,1,1,59
1551,1,1,59
1552,2,1,59
1553,1,1,59
1554,1,1,59
1555,1,1,59
1556,1,1,59
1557,1,1,59
1558,1,1,59
1559,1,1,39
1560,1,1,57
1561,1,1,59
1562,1,1,57
1563,1,1,57
1564,1,1,57
1565,1,1,57
1566,1,1,58
1567,1,1,62
1568,2,1,62
1569,1,1,59
1570,1,1,62
1571,1,1,56
1572,1,1,58
1573,1,1,57
1574,1,1,59
1575,1,1,62
1576,1,1,62
1577,1,1,58
1578,1,1,58
1579,1,1,33
1580,1,1,59
1581,1,1,59
1582,1,1,63
1583,1,1,59
1585,1,1,59
1586,1,1,63
1587,1,1,63
1588,1,1,61
1590,1,1,54
1591,1,1,61
1592,1,1,61
1593,1,1,61
1594,1,1,63
1595,1,1,63
1596,1,1,61
1597,1,1,63
1598,1,1,51
1599,1,1,63
1600,1,1,63
1601,1,1,63
1602,1,1,63
1603,1,1,55
1604,1,1,63
1605,1,1,63
1606,1,1,51
1607,1,1,63
1608,1,1,63
1609,1,1,58
1610,1,1,63
1612,1,1,43
1613,1,1,59
1614,1,1,59
1615,1,1,57
1616,1,1,57
1617,1,1,59
1619,1,1,43
1620,1,1,59
1621,1,1,58
1622,1,1,57
1623,1,1,41
1624,1,1,59
1625,1,1,62
1626,1,1,62
1627,1,1,58
1628,1,1,41
1629,1,1,62
1630,1,1,62
1631,1,1,62
1632,1,1,62
1633,1,1,58
1634,2,1,56
1635,1,1,59
1636,1,1,58
1637,1,1,58
1638,1,1,62
1639,1,1,62
1640,1,1,61
1641,1,1,61
1642,1,1,61
1643,1,1,59
1644,1,1,61
1645,1,1,62
1648,1,1,62
1649,1,1,59
1650,1,1,39
1651,1,1,62
1652,1,1,60
1653,1,1,62
1654,1,1,37
1655,1,1,62
1656,1,1,62
1657,1,1,62
1658,1,1,62
1659,1,1,59
1660,1,1,58
1661,1,1,32
1662,1,1,63
1663,1,1,63
1664,1,1,63
1665,1,1,63
1666,1,1,60
1667,1,1,60
1668,2,1,60
1669,1,1,56
1670,1,1,59
1672,2,1,36
1673,1,1,39
1674,1,1,60
1675,1,1,57
1676,1,1,59
1677,1,1,63
1679,1,1,63
1680,1,1,61
1682,1,1,60
1683,1,1,59
1684,1,1,63
1686,2,1,35
1687,1,1,39
1688,1,1,57
1689,1,1,63
1690,2,1,57
1691,1,1,39
1692,1,1,59
1693,1,1,59
1694,1,1,58
1695,1,1,57
1696,1,1,62
1697,1,1,58
1698,1,1,57
1699,1,1,57
1700,2,1,60
1701,1,1,39
1702,2,1,63
1703,1,1,63
1704,1,1,63
1705,1,1,38
1707,1,1,58
1708,1,1,59
1709,1,1,63
1710,1,1,58
1711,1,1,56
1712,1,1,63
1713,1,1,63
1714,1,1,32
1715,1,1,63
1716,1,1,63
1717,1,1,63
1718,1,1,62
1719,1,1,62
1720,1,1,62
1721,1,1,61
1723,2,1,33
1724,1,1,62
1725,1,1,62
1726,1,1,61
1727,1,1,62
1728,1,1,62
1729,1,1,61
1730,1,1,62
1731,2,1,62
1732,1,1,59
1733,1,1,57
1734,1,1,62
1735,1,1,62
1736,1,1,62
1737,2,1,62
1738,1,1,58
1739,2,1,62
1740,1,1,62
1741,1,1,62
1742,1,1,61
1743,1,1,59
1744,1,1,60
1745,1,1,62
1746,1,1,60
1747,1,1,62
1748,1,1,59
1749,1,1,59
1750,1,1,61
1752,1,1,61
1754,1,1,63
1755,1,1,63
1756,1,1,61
1757,1,1,63
1758,1,1,63
1759,1,1,63
1760,1,1,54
1761,2,1,54
1762,1,1,63
1763,1,1,63
1764,1,1,55
1765,1,1,55
1766,1,1,50
1767,1,1,55
1768,1,1,55
1769,1,1,55
1770,1,1,55
1771,1,1,62
1772,1,1,51
1773,1,1,50
1774,1,1,50
1775,1,1,50
1776,1,1,50
1777,1,1,50
1778,1,1,51
1779,1,1,51
1780,1,1,62
1781,1,1,62
1782,1,1,60
1784,1,1,62
1785,2,2,42
1786,1,1,62
1787,1,1,59
1788,1,1,62
1789,1,1,62
1790,1,1,62
1791,1,1,59
1792,1,1,59
1793,1,1,60
1794,1,1,62
1795,1,1,62
1796,1,1,41
1797,1,1,59
1798,1,1,59
1799,1,1,62
1800,1,1,62
1801,1,1,62
1802,1,1,62
1803,1,1,60
1804,1,1,59
1805,1,1,60
1806,1,1,62
1807,1,1,37
1808,1,1,59
1809,1,1,62
1812,1,1,62
1813,1,1,60
1814,1,1,37
1815,1,1,59
1816,1,1,59
1817,1,1,59
1818,1,1,63
1820,1,1,63
1821,1,1,63
1822,1,1,63
1823,1,1,63
1824,1,1,63
1825,2,1,33
1826,1,1,56
1827,1,1,60
1828,1,1,33
1829,1,1,63
1830,1,1,59
1831,1,1,60
1832,1,1,60
1833,1,1,63
1834,1,1,63
1835,2,1,59
1836,1,1,39
1837,1,1,57
1838,2,1,62
1839,1,1,56
1840,1,1,59
1841,1,1,60
1842,1,1,62
1843,1,1,62
1844,1,1,59
1845,1,1,35
1846,1,1,61
1847,1,1,61
1849,1,1,62
1850,1,1,61
1852,1,1,51
1853,1,1,50
1854,1,1,51
1855,1,1,51
1856,1,1,51
1857,1,1,51
1858,1,1,51
1859,1,1,50
1860,1,1,50
1861,1,1,50
1862,1,1,51
1863,1,1,50
1864,1,1,55
1865,1,1,51
1866,1,1,63
1867,1,1,50
1868,1,1,51
1869,1,1,50
1870,1,1,50
1871,1,1,51
1872,1,1,50
1873,1,1,63
1874,1,1,63
1876,1,1,57
1877,1,1,63
1878,1,1,63
1879,1,1,63
1880,1,1,41
1881,1,1,43
1882,1,1,63
1883,1,1,60
1885,1,1,57
1886,1,1,60
1887,1,1,63
1888,1,1,63
1889,1,1,59
1890,1,1,60
1893,1,1,57
1894,1,1,63
1895,1,1,63
1896,1,1,63
1897,1,1,63
1898,1,1,63
1899,1,1,63
1900,1,1,63
1901,1,1,63
1904,1,1,63
1905,1,1,63
1906,1,1,63
1907,1,1,59
1908,1,1,56
1909,1,1,63
1910,1,1,63
1911,1,1,61
1912,1,1,63
1913,1,1,63
1914,1,1,61
1915,1,1,61
1916,1,1,63
1917,1,1,59
1918,1,1,63
1919,1,1,63
1920,1,1,63
1921,1,1,61
1922,1,1,61
1923,1,1,63
1924,1,1,63
1925,1,1,63
1926,1,1,61
1927,1,1,55
1929,1,1,63
1930,1,1,54
1931,1,1,55
1932,1,1,55
1933,1,1,50
1934,1,1,51
1935,1,1,50
1937,1,1,54
1938,1,1,50
1939,1,1,50
1940,1,1,55
1941,1,1,51
1942,1,1,50
1943,1,1,50
1944,1,1,51
1945,1,1,50
1946,1,1,63
1947,1,1,63
1949,1,1,60
1950,1,1,63
1951,1,1,63
1952,2,1,63
1953,1,1,60
1954,1,1,63
1955,1,1,63
1956,1,1,60
1957,1,1,59
1958,1,1,62
1959,1,1,62
1960,1,1,61
1961,1,1,62
1962,2,1,60
1963,1,1,59
1965,1,1,62
1966,1,1,62
1967,1,1,47
1968,1,1,62
1969,1,1,62
1971,1,1,62
1972,1,1,62
1973,1,1,62
1974,1,1,60
1975,1,1,60
1977,1,1,62
1979,1,1,62
1980,1,1,62
1981,1,1,62
1982,1,1,60
1983,1,1,45
1984,2,1,59
1985,1,1,47
1986,1,1,63
1987,1,1,63
1988,1,1,59
1989,1,1,61
1990,1,1,62
1991,1,1,62
1993,1,1,62
1994,1,1,60
1995,1,1,62
1996,1,1,62
1997,1,1,37
1998,1,1,59
1999,1,1,60
2000,1,1,62
2001,2,1,37
2002,1,1,39
2003,1,1,59
2005,1,1,62
2006,1,1,62
2007,1,1,60
2008,1,1,59
2009,1,1,62
2010,1,1,62
2013,1,1,59
2014,1,1,62
2015,1,1,62
2016,1,1,62
2017,1,1,60
2018,1,1,62
2021,1,1,37
2022,1,1,60
2023,1,1,59
2024,1,1,59
2025,1,1,60
2027,1,1,59
2028,1,1,59
2030,1,1,63
2033,1,1,43
2034,1,1,63
2035,1,1,60
2036,1,1,63
2037,1,1,59
2039,1,1,61
2040,1,1,63
2041,1,1,63
2042,1,1,63
2043,1,1,63
2044,1,1,63
2045,2,1,60
2046,1,1,47
2047,1,1,59
2048,1,1,63
2049,1,1,63
2050,1,1,47
2051,1,1,63
2052,1,1,63
2053,1,1,63
2054,1,1,60
2055,1,1,62
2056,1,1,62
2057,1,1,60
2058,1,1,62
2059,1,1,62
2060,1,1,62
2062,1,1,62
2063,1,1,62
2064,1,1,61
2065,1,1,61
2066,1,1,62
2067,1,1,62
2068,1,1,62
2069,1,1,62
2070,1,1,62
2071,1,1,60
2072,1,1,60
2073,1,1,62
2074,1,1,47
2075,1,1,57
2076,1,1,62
2077,1,1,62
2078,1,1,63
2079,1,1,43
2080,1,1,60
2081,1,1,59
2082,1,1,61
2083,1,1,61
2084,1,1,63
2085,1,1,63
2086,1,1,63
2088,1,1,55
2090,1,1,63
2091,1,1,63
2092,1,1,55
2093,1,1,63
2094,1,1,63
2095,1,1,63
2096,1,1,55
2097,1,1,55
2098,1,1,55
2099,1,1,55
2100,1,1,63
2101,1,1,63
2102,1,1,63
2103,1,1,63
2104,1,1,63
2106,1,1,61
2107,1,1,63
2108,1,1,63
2109,1,1,61
2110,1,1,61
2111,1,1,63
2112,1,1,63
2113,1,1,63
2114,1,1,61
2115,1,1,63
2116,1,1,61
2118,1,1,61
2119,1,1,61
2120,1,1,63
2121,1,1,63
2122,1,1,63
2123,1,1,47
2124,1,1,63
2125,1,1,59
2126,1,1,59
2127,1,1,59
2128,1,1,63
2129,1,1,63
2130,1,1,60
2131,1,1,63
2132,1,1,45
2133,1,1,57
2134,1,1,63
2136,1,1,63
2138,1,1,63
2139,1,1,63
2140,1,1,63
2141,1,1,60
2142,1,1,63
2143,1,1,63
2144,1,1,63
2145,1,1,60
2146,1,1,63
2147,1,1,63
2148,1,1,63
2149,1,1,63
2150,1,1,60
2151,2,1,43
2152,1,1,63
2153,1,1,60
2154,2,1,59
2155,1,1,59
2156,1,1,59
2157,1,1,60
2158,1,1,62
2159,1,1,62
2160,1,1,62
2161,1,1,60
2162,1,1,47
2163,1,1,60
2165,1,1,59
2166,1,1,43
2168,1,1,60
2169,1,1,59
2170,1,1,59
2171,1,1,59
2172,1,1,59
2173,1,1,59
2174,1,1,59
2176,1,1,59
2178,1,1,59
2179,1,1,59
2180,1,1,37
2181,1,1,59
2182,1,1,59
2183,1,1,59
2184,1,1,59
2185,1,1,47
2186,1,1,63
2187,1,1,63
2188,1,1,59
2189,1,1,59
2190,1,1,59
2191,1,1,57
2192,1,1,45
2193,1,1,63
2194,1,1,59
2195,1,1,59
2197,1,1,60
2198,1,1,63
2199,1,1,57
2203,1,1,57
2205,1,1,59
2206,1,1,63
2207,1,1,59
2208,2,1,43
2209,2,1,43
2210,1,1,43
2211,1,1,59
2212,1,1,59
2213,1,1,59
2214,1,1,59
2215,1,1,61
2218,1,1,57
2219,1,1,59
2220,1,1,59
2221,1,1,59
2223,1,1,62
2225,1,1,62
2226,1,1,62
2227,1,1,57
2228,1,1,59
2229,2,1,59
2230,1,1,62
2232,1,1,62
2233,1,1,62
2234,1,1,57
2235,1,1,57
2236,1,1,59
2237,1,1,59
2238,1,1,59
2239,1,1,59
2240,1,1,62
2241,1,1,58
2242,1,1,59
2244,1,1,57
2245,1,1,43
2246,1,1,59
2248,1,1,43
2249,2,1,43
2250,1,1,56
2252,1,1,62
2253,1,1,62
2254,1,1,62
2256,1,1,62
2257,1,1,58
2258,1,1,57
2259,1,1,57
2260,2,1,41
2261,1,1,59
2262,1,1,58
2265,1,1,62
2267,1,1,62
2268,1,1,61
2269,1,1,60
2270,1,1,61
2271,1,1,62
2272,1,1,55
2273,1,1,50
2274,1,1,62
2275,1,1,50
2276,1,1,51
2277,1,1,51
2278,1,1,50
2279,1,1,50
2280,1,1,50
2281,1,1,51
2282,1,1,62
2283,1,1,33
2284,2,1,62
2285,1,1,39
2286,1,1,63
2287,1,1,60
2288,1,1,63
2289,1,1,63
2290,1,1,63
2291,2,1,60
2292,1,1,35
2293,1,1,59
2294,1,1,62
2295,1,1,62
2297,2,1,62
2298,1,1,62
2301,1,1,62
2302,1,1,50
2303,1,1,50
2304,1,1,50
2306,1,1,60
2308,1,1,60
2309,1,1,63
2311,1,1,60
2312,1,1,63
2313,1,1,41
2314,1,1,60
2315,1,1,63
2316,1,1,63
2317,1,1,60
2318,1,1,60
2319,1,1,59
2320,1,1,60
2321,1,1,60
2322,1,1,60
2323,1,1,62
2324,1,1,60
2326,1,1,62
2327,1,1,62
2328,1,1,62
2329,1,1,47
2330,1,1,60
2331,1,1,62
2333,1,1,43
2334,1,1,62
2335,1,1,62
2336,1,1,45
2337,1,1,59
2338,1,1,62
2339,2,1,62
2340,1,1,62
2341,1,1,43
2342,1,1,60
2343,1,1,62
2344,1,1,62
2345,1,1,60
2346,1,1,62
2347,1,1,41
2348,1,1,62
2349,1,1,62
2350,1,1,62
2351,1,1,46
2352,1,1,50
2353,1,1,62
2354,1,1,47
2355,1,1,62
2356,1,1,62
2357,1,1,62
2358,1,1,62
2359,1,1,47
2361,1,1,62
2362,1,1,47
2363,1,1,45
2364,1,1,62
2365,1,1,62
2366,1,1,63
2367,1,1,63
2368,1,1,63
2369,1,1,47
2370,1,1,63
2371,1,1,60
2372,1,1,59
2373,1,1,63
2374,1,1,63
2375,1,1,50
2376,1,1,63
2377,1,1,60
2378,1,1,63
2379,1,1,63
2380,1,1,45
2381,1,1,43
2382,1,1,60
2383,1,1,63
2384,1,1,59
2385,1,1,60
2386,1,1,37
2387,1,1,63
2388,1,1,60
2389,1,1,60
2390,1,1,60
2391,1,1,59
2393,1,1,60
2394,1,1,63
2395,1,1,63
2396,1,1,60
2397,1,1,63
2398,1,1,61
2399,1,1,63
2400,1,1,61
2401,2,1,60
2402,1,1,39
2403,1,1,63
2404,1,1,63
2405,1,1,60
2406,1,1,62
2407,1,1,62
2408,1,1,62
2410,1,1,62
2411,1,1,62
2412,1,1,62
2413,1,1,62
2414,1,1,61
2415,1,1,62
2416,1,1,62
2417,1,1,62
2418,1,1,62
2419,1,1,61
2420,1,1,50
2421,1,1,55
2422,1,1,50
2424,1,1,50
2425,1,1,50
2426,1,1,50
2427,1,1,50
2428,1,1,63
2429,1,1,63
2430,1,1,61
2431,1,1,55
2432,1,1,63
2433,1,1,50
2434,1,1,50
2435,1,1,63
2436,1,1,50
2438,1,1,50
2439,1,1,50
2440,1,1,50
2441,1,1,50
2442,1,1,50
2443,1,1,50
2444,1,1,51
2445,1,1,50
2446,1,1,50
2447,2,1,50
2448,1,1,48
2449,1,1,63
2450,1,1,50
2452,1,1,60
2453,1,1,63
2454,1,1,62
2455,1,1,60
2458,1,1,50
2459,1,1,50
2460,1,1,50
2461,1,1,47
2462,1,1,62
2463,1,1,62
2465,1,1,59
2466,1,1,50
2467,1,1,62
2468,1,1,60
2470,1,1,50
2471,1,1,51
2472,1,1,55
2473,1,1,50
2474,1,1,50
2476,1,1,50
2477,1,1,62
2478,1,1,47
2479,1,1,63
2480,1,1,61
2481,1,1,63
2482,1,1,60
2483,1,1,63
2484,1,1,63
2485,1,1,50
2486,1,1,61
2487,1,1,61
2488,1,1,63
2489,1,1,59
2490,1,1,50
2491,1,1,63
2492,1,1,61
2493,1,1,63
2494,1,1,51
2495,1,1,50
2497,1,1,63
2498,1,1,61
2500,1,1,63
2501,1,1,63
2502,1,1,63
2504,1,1,63
2505,1,1,47
2506,1,1,61
2507,1,1,61
2508,1,1,63
2509,1,1,61
2511,1,1,63
2512,2,1,63
2513,1,1,63
2514,1,1,61
2516,1,1,63
2517,1,1,63
2518,1,1,55
2519,1,1,55
2521,1,1,61
2522,2,1,62
2523,1,1,61
2524,1,1,62
2525,1,1,61
2526,1,1,62
2527,1,1,62
2530,1,1,62
2531,1,1,55
2532,1,1,50
2533,1,1,50
2534,1,1,50
2535,1,1,51
2536,1,1,51
2537,1,1,50
2538,1,1,55
2539,1,1,62
2540,1,1,62
2541,1,1,61
2542,2,1,63
2543,1,1,63
2544,1,1,61
2545,1,1,63
2546,1,1,63
2547,1,1,63
2548,1,1,61
2549,1,1,59
2550,1,1,63
2551,1,1,63
2552,1,1,47
2553,2,1,63
2554,1,1,63
2555,1,1,63
2557,1,1,63
2559,1,1,62
2560,1,1,62
2561,1,1,54
2562,1,1,55
2563,1,1,55
2565,1,1,62
2566,1,1,61
2567,1,1,61
2568,1,1,61
2569,1,1,61
2570,1,1,62
2571,1,1,62
2572,1,1,61
2573,1,1,62
2574,1,1,62
2575,1,1,61
2576,1,1,62
2577,1,1,61
2578,1,1,62
2579,1,1,59
2582,1,1,61
2583,1,1,63
